_id,userId,learningMaterialId,feedback,rating,createdAt,__v
6706701c98ac07710c36c03d,6706701a98ac07710c36af12,6706701a98ac07710c36b0e0,Pauper audeo cernuus.,3,2024-10-09T07:49:21.573Z,0
6706701c98ac07710c36c03e,6706701a98ac07710c36aefb,6706701a98ac07710c36b0b4,Iste accommodo commemoro maxime confugo villa deficio.,4,2024-10-08T20:46:47.003Z,0
6706701c98ac07710c36c03f,6706701a98ac07710c36af89,6706701a98ac07710c36afe3,Copiose curia subvenio suus bibo coma titulus coaegresco.,4,2024-10-08T12:30:32.831Z,0
6706701c98ac07710c36c040,6706701a98ac07710c36af39,6706701a98ac07710c36b02f,Accusamus amplitudo thermae contabesco amissio pel demens.,1,2024-10-08T17:45:21.974Z,0
6706701c98ac07710c36c041,6706701a98ac07710c36af79,6706701a98ac07710c36b0a7,Ulciscor comprehendo voluptatum succedo accusamus sed ara.,3,2024-10-09T00:26:11.686Z,0
6706701c98ac07710c36c042,6706701a98ac07710c36aedf,6706701a98ac07710c36b045,Termes cultura virgo est abeo valetudo abeo copiose territo.,1,2024-10-08T20:08:25.449Z,0
6706701c98ac07710c36c043,6706701a98ac07710c36af41,6706701a98ac07710c36afdc,Tergiversatio apparatus depopulo auxilium denique tametsi tenax.,1,2024-10-08T12:00:42.106Z,0
6706701c98ac07710c36c044,6706701a98ac07710c36af6a,6706701a98ac07710c36b03e,Tricesimus amo deporto basium triumphus.,2,2024-10-08T18:00:59.902Z,0
6706701c98ac07710c36c045,6706701a98ac07710c36af57,6706701a98ac07710c36b016,Bis vespillo clarus eaque ascisco voluptatem at.,1,2024-10-08T12:02:21.672Z,0
6706701c98ac07710c36c046,6706701a98ac07710c36afcd,6706701a98ac07710c36b087,Tamisium cito sortitus laudantium acer dolor vesica cresco titulus.,5,2024-10-08T12:12:40.886Z,0
6706701c98ac07710c36c047,6706701a98ac07710c36af60,6706701a98ac07710c36afd8,Angulus solium dolorem stabilis atqui utilis.,3,2024-10-09T06:03:18.895Z,0
6706701c98ac07710c36c048,6706701a98ac07710c36afbf,6706701a98ac07710c36b0ac,Defero aegrus deripio defungo auctor tego patria confido certe.,1,2024-10-08T16:14:38.925Z,0
6706701c98ac07710c36c049,6706701a98ac07710c36af4c,6706701a98ac07710c36aff0,Quos comptus caveo acidus eius nisi comis.,4,2024-10-08T23:09:43.855Z,0
6706701c98ac07710c36c04a,6706701a98ac07710c36af3c,6706701a98ac07710c36b079,Desparatus vehemens odit conqueror solum video patruus.,4,2024-10-08T17:13:55.371Z,0
6706701c98ac07710c36c04b,6706701a98ac07710c36af62,6706701a98ac07710c36b0de,Aspernatur amitto suppono talis thesis amplitudo animi.,4,2024-10-08T15:26:24.888Z,0
6706701c98ac07710c36c04c,6706701a98ac07710c36aec6,6706701a98ac07710c36b0bc,Veniam desolo sodalitas annus.,3,2024-10-08T23:33:35.814Z,0
6706701c98ac07710c36c04d,6706701a98ac07710c36af8a,6706701a98ac07710c36afd0,Perferendis textor ultra creptio.,5,2024-10-08T20:54:01.639Z,0
6706701c98ac07710c36c04e,6706701a98ac07710c36af7f,6706701a98ac07710c36afdb,Alius corrupti vereor nulla.,3,2024-10-08T21:57:18.298Z,0
6706701c98ac07710c36c04f,6706701a98ac07710c36af50,6706701a98ac07710c36b038,Libero correptius sit tenus.,4,2024-10-08T22:35:13.880Z,0
6706701c98ac07710c36c050,6706701a98ac07710c36af50,6706701a98ac07710c36aff5,Socius tamdiu voluptatibus utor ipsa acervus congregatio vetus turpis.,5,2024-10-09T10:48:35.632Z,0
6706701c98ac07710c36c051,6706701a98ac07710c36afb9,6706701a98ac07710c36b051,Argumentum tepidus ullus arguo.,1,2024-10-08T23:22:23.499Z,0
6706701c98ac07710c36c052,6706701a98ac07710c36af26,6706701a98ac07710c36b01c,Defendo custodia tui.,4,2024-10-09T04:54:35.225Z,0
6706701c98ac07710c36c053,6706701a98ac07710c36aef8,6706701a98ac07710c36b084,Cras aeneus astrum conscendo venio triumphus somnus apto.,5,2024-10-08T23:37:12.343Z,0
6706701c98ac07710c36c054,6706701a98ac07710c36aeb6,6706701a98ac07710c36b0da,Tandem crux ut vesper agnitio dens adeptio arbor blandior.,1,2024-10-09T03:04:56.224Z,0
6706701c98ac07710c36c055,6706701a98ac07710c36aeb9,6706701a98ac07710c36afea,Celebrer illo speculum viridis decretum amicitia surgo excepturi autus.,5,2024-10-09T06:28:44.095Z,0
6706701c98ac07710c36c056,6706701a98ac07710c36af21,6706701a98ac07710c36b03c,Statua absorbeo expedita solitudo ventosus ut tertius.,5,2024-10-08T16:52:41.213Z,0
6706701c98ac07710c36c057,6706701a98ac07710c36af34,6706701a98ac07710c36b017,Timor totam vestigium aegrus aggredior absorbeo aqua umbra veritatis sophismata.,1,2024-10-09T09:01:01.514Z,0
6706701c98ac07710c36c058,6706701a98ac07710c36af64,6706701a98ac07710c36afe3,Vespillo arcesso calco cariosus.,4,2024-10-08T14:14:03.741Z,0
6706701c98ac07710c36c059,6706701a98ac07710c36aeae,6706701a98ac07710c36b03e,Tabernus adficio sonitus depereo theca aduro cometes aequitas sponte.,5,2024-10-08T21:04:18.589Z,0
6706701c98ac07710c36c05a,6706701a98ac07710c36af93,6706701a98ac07710c36b0b8,Abundans cavus patria sui tego verus tot tantum tonsor.,5,2024-10-08T17:17:38.199Z,0
6706701c98ac07710c36c05b,6706701a98ac07710c36af14,6706701a98ac07710c36b028,Vitae viriliter curtus auctor.,1,2024-10-09T05:11:18.869Z,0
6706701c98ac07710c36c05c,6706701a98ac07710c36af3e,6706701a98ac07710c36b00b,Optio collum celer suscipit conculco aurum communis termes.,5,2024-10-08T15:52:58.828Z,0
6706701c98ac07710c36c05d,6706701a98ac07710c36af55,6706701a98ac07710c36b036,Vulticulus annus communis.,2,2024-10-08T13:38:17.869Z,0
6706701c98ac07710c36c05e,6706701a98ac07710c36afc0,6706701a98ac07710c36b0d7,Ventito uredo carmen.,4,2024-10-08T23:48:24.672Z,0
6706701c98ac07710c36c05f,6706701a98ac07710c36af15,6706701a98ac07710c36b0c7,Mollitia doloribus curia colo vita neque.,4,2024-10-09T10:49:54.259Z,0
6706701c98ac07710c36c060,6706701a98ac07710c36aeef,6706701a98ac07710c36b0e3,Deleniti deserunt paens subseco.,3,2024-10-09T02:30:56.755Z,0
6706701c98ac07710c36c061,6706701a98ac07710c36afbd,6706701a98ac07710c36b032,Fuga delectatio summisse quos vestrum creber quam comitatus.,3,2024-10-08T23:11:14.933Z,0
6706701c98ac07710c36c062,6706701a98ac07710c36aea9,6706701a98ac07710c36b059,Vigor cupressus atavus tardus tendo denique torqueo dedico triduana civitas.,5,2024-10-09T09:27:43.838Z,0
6706701c98ac07710c36c063,6706701a98ac07710c36afad,6706701a98ac07710c36b03f,Spiritus agnosco crustulum asporto somniculosus baiulus territo surgo calco.,3,2024-10-09T08:35:33.766Z,0
6706701c98ac07710c36c064,6706701a98ac07710c36af5c,6706701a98ac07710c36b0c7,Demum sublime acer corrumpo umerus umerus cumque.,4,2024-10-09T07:29:06.110Z,0
6706701c98ac07710c36c065,6706701a98ac07710c36aed3,6706701a98ac07710c36b068,Officia taceo complectus annus.,2,2024-10-09T03:15:11.038Z,0
6706701c98ac07710c36c066,6706701a98ac07710c36afa1,6706701a98ac07710c36b067,Quasi supellex asperiores valens acsi.,4,2024-10-09T05:34:26.552Z,0
6706701c98ac07710c36c067,6706701a98ac07710c36afcd,6706701a98ac07710c36afd5,Adnuo apud cito deprecator.,2,2024-10-09T04:49:07.135Z,0
6706701c98ac07710c36c068,6706701a98ac07710c36aed4,6706701a98ac07710c36b01d,Accusator saepe textus hic decumbo amaritudo argumentum.,5,2024-10-09T05:18:21.902Z,0
6706701c98ac07710c36c069,6706701a98ac07710c36af48,6706701a98ac07710c36affd,Unus magnam valde cinis vesper necessitatibus earum.,4,2024-10-08T18:19:26.261Z,0
6706701c98ac07710c36c06a,6706701a98ac07710c36af57,6706701a98ac07710c36b0e1,Expedita vix cometes stella trans adhuc solvo.,5,2024-10-08T22:52:57.026Z,0
6706701c98ac07710c36c06b,6706701a98ac07710c36aeff,6706701a98ac07710c36afd5,Capio agnitio qui vulariter amplitudo aurum vulgaris sollicito.,3,2024-10-08T12:01:10.891Z,0
6706701c98ac07710c36c06c,6706701a98ac07710c36af46,6706701a98ac07710c36b030,Confido acer stips asperiores verto concido perspiciatis arbustum adipisci.,4,2024-10-08T17:16:32.368Z,0
6706701c98ac07710c36c06d,6706701a98ac07710c36af85,6706701a98ac07710c36b001,Cubicularis vitiosus substantia crebro suffoco cibo basium.,3,2024-10-08T18:39:18.435Z,0
6706701c98ac07710c36c06e,6706701a98ac07710c36af1f,6706701a98ac07710c36b08d,Absque suasoria adfectus aqua consuasor.,4,2024-10-09T09:48:25.175Z,0
6706701c98ac07710c36c06f,6706701a98ac07710c36aeb6,6706701a98ac07710c36b0dd,Voluptas aeternus aeger validus reiciendis accusator auxilium curtus verbera.,3,2024-10-08T12:34:25.959Z,0
6706701c98ac07710c36c070,6706701a98ac07710c36aebd,6706701a98ac07710c36b094,Suppono laudantium dicta.,3,2024-10-09T04:01:56.639Z,0
6706701c98ac07710c36c071,6706701a98ac07710c36af73,6706701a98ac07710c36affc,Aedificium error votum volutabrum reiciendis color consuasor toties error.,2,2024-10-08T23:10:51.212Z,0
6706701c98ac07710c36c072,6706701a98ac07710c36aec2,6706701a98ac07710c36b06b,Alo vix accedo vallum civis ultra.,2,2024-10-08T23:11:44.024Z,0
6706701c98ac07710c36c073,6706701a98ac07710c36aefc,6706701a98ac07710c36b06d,Aeternus unde adicio cursim aperiam tollo nihil.,3,2024-10-08T15:09:23.413Z,0
6706701c98ac07710c36c074,6706701a98ac07710c36af8c,6706701a98ac07710c36aff1,Paulatim defendo turba taedium dapifer vindico thorax animi.,2,2024-10-08T19:53:27.989Z,0
6706701c98ac07710c36c075,6706701a98ac07710c36af48,6706701a98ac07710c36b0d2,Trucido valens calamitas cernuus.,3,2024-10-08T12:17:29.132Z,0
6706701c98ac07710c36c076,6706701a98ac07710c36af74,6706701a98ac07710c36aff2,Decumbo vorago suadeo atrocitas peccatus degusto id voluntarius.,2,2024-10-08T15:23:09.596Z,0
6706701c98ac07710c36c077,6706701a98ac07710c36af23,6706701a98ac07710c36b0f1,Clarus collum vilicus desidero bestia quae cervus vitiosus aliquid.,4,2024-10-09T07:46:53.728Z,0
6706701c98ac07710c36c078,6706701a98ac07710c36afb6,6706701a98ac07710c36b069,Voro cresco sperno facilis venustas adsuesco civis vae audeo coepi.,1,2024-10-09T11:20:16.792Z,0
6706701c98ac07710c36c079,6706701a98ac07710c36af6c,6706701a98ac07710c36b0e3,Tabella degusto vivo coruscus deporto accusamus corrupti atqui depromo.,3,2024-10-08T23:44:37.372Z,0
6706701c98ac07710c36c07a,6706701a98ac07710c36af88,6706701a98ac07710c36afe9,Turba conitor vomito sophismata careo architecto consequatur adeptio molestias.,4,2024-10-08T14:45:32.398Z,0
6706701c98ac07710c36c07b,6706701a98ac07710c36afc0,6706701a98ac07710c36b0d3,Vergo commemoro spectaculum dolorum.,5,2024-10-08T20:25:40.328Z,0
6706701c98ac07710c36c07c,6706701a98ac07710c36afb5,6706701a98ac07710c36b0d5,Doloremque cultura attollo strenuus adipiscor corroboro.,2,2024-10-08T12:40:28.846Z,0
6706701c98ac07710c36c07d,6706701a98ac07710c36aee7,6706701a98ac07710c36b03c,Demonstro sublime vinco armarium cometes carpo error.,2,2024-10-09T00:05:31.205Z,0
6706701c98ac07710c36c07e,6706701a98ac07710c36aeb2,6706701a98ac07710c36b0f4,Admitto solitudo aspicio arcus altus deficio curiositas.,4,2024-10-09T09:24:50.527Z,0
6706701c98ac07710c36c07f,6706701a98ac07710c36af49,6706701a98ac07710c36b032,Consequuntur absorbeo caterva angustus.,3,2024-10-09T10:11:18.402Z,0
6706701c98ac07710c36c080,6706701a98ac07710c36aea4,6706701a98ac07710c36b0ba,Crur carcer conturbo usus.,1,2024-10-08T20:51:13.915Z,0
6706701c98ac07710c36c081,6706701a98ac07710c36aed1,6706701a98ac07710c36b0c5,Utor fugiat claro comparo vere.,5,2024-10-08T12:03:13.682Z,0
6706701c98ac07710c36c082,6706701a98ac07710c36af06,6706701a98ac07710c36b026,Tonsor ars optio autus supellex tepesco stabilis.,4,2024-10-08T23:39:05.234Z,0
6706701c98ac07710c36c083,6706701a98ac07710c36aedb,6706701a98ac07710c36afef,Studio delibero aequitas ipsam carmen ventosus delicate.,1,2024-10-08T21:35:19.432Z,0
6706701c98ac07710c36c084,6706701a98ac07710c36af4d,6706701a98ac07710c36b028,Tum accommodo infit desipio demoror depulso claro demonstro amissio charisma.,5,2024-10-09T07:43:43.731Z,0
6706701c98ac07710c36c085,6706701a98ac07710c36af2e,6706701a98ac07710c36b060,Curiositas uterque abstergo quia repudiandae pax desolo quae decet.,2,2024-10-09T10:17:31.684Z,0
6706701c98ac07710c36c086,6706701a98ac07710c36aeac,6706701a98ac07710c36b0bd,Aveho neque pauci.,2,2024-10-09T07:09:14.801Z,0
6706701c98ac07710c36c087,6706701a98ac07710c36af14,6706701a98ac07710c36b04b,Clamo unus aestivus adamo eaque color.,2,2024-10-08T15:17:05.237Z,0
6706701c98ac07710c36c088,6706701a98ac07710c36aeb5,6706701a98ac07710c36b0f0,Depereo nulla tempus amoveo auditor vita aegre.,2,2024-10-08T20:52:50.408Z,0
6706701c98ac07710c36c089,6706701a98ac07710c36af59,6706701a98ac07710c36b044,Curvo vir defendo terga torqueo eveniet assentator necessitatibus depromo.,5,2024-10-08T22:54:27.095Z,0
6706701c98ac07710c36c08a,6706701a98ac07710c36afad,6706701a98ac07710c36affa,Bibo curis consequatur veniam deludo bellicus ratione agnitio brevis.,1,2024-10-08T15:52:46.057Z,0
6706701c98ac07710c36c08b,6706701a98ac07710c36afa7,6706701a98ac07710c36b053,Iusto circumvenio libero confero voluptate aequus.,3,2024-10-08T17:19:51.299Z,0
6706701c98ac07710c36c08c,6706701a98ac07710c36af60,6706701a98ac07710c36b0e7,Video utilis cedo expedita aedificium.,5,2024-10-09T11:53:15.971Z,0
6706701c98ac07710c36c08d,6706701a98ac07710c36af3b,6706701a98ac07710c36b0a6,Officiis verto appono illo aggero vesco stabilis.,5,2024-10-08T23:52:48.048Z,0
6706701c98ac07710c36c08e,6706701a98ac07710c36afae,6706701a98ac07710c36b0d6,Deripio placeat aspernatur ut.,2,2024-10-09T04:29:37.367Z,0
6706701c98ac07710c36c08f,6706701a98ac07710c36af15,6706701a98ac07710c36b054,Amplexus beneficium degusto in animi benevolentia comprehendo uter eum.,2,2024-10-08T21:01:30.381Z,0
6706701c98ac07710c36c090,6706701a98ac07710c36aeee,6706701a98ac07710c36b05b,Toties doloremque natus.,2,2024-10-09T07:46:47.352Z,0
6706701c98ac07710c36c091,6706701a98ac07710c36af65,6706701a98ac07710c36b083,Timidus attonbitus suus neque cursim suppellex carcer dignissimos.,1,2024-10-09T03:00:55.273Z,0
6706701c98ac07710c36c092,6706701a98ac07710c36aef8,6706701a98ac07710c36b061,Atqui stultus adipiscor deporto caecus optio expedita.,1,2024-10-08T16:13:56.240Z,0
6706701c98ac07710c36c093,6706701a98ac07710c36af75,6706701a98ac07710c36afe5,Vulgo ascisco solus aliqua voluptate perferendis cupio cotidie.,1,2024-10-09T11:41:53.584Z,0
6706701c98ac07710c36c094,6706701a98ac07710c36af33,6706701a98ac07710c36b0d6,Tantillus videlicet synagoga.,3,2024-10-08T19:35:56.334Z,0
6706701c98ac07710c36c095,6706701a98ac07710c36af47,6706701a98ac07710c36b070,Surculus demoror minus admiratio vinco.,4,2024-10-09T02:36:44.645Z,0
6706701c98ac07710c36c096,6706701a98ac07710c36afbd,6706701a98ac07710c36b088,Abeo autus cornu surgo tempus conduco causa tabernus cribro.,3,2024-10-08T17:27:18.570Z,0
6706701c98ac07710c36c097,6706701a98ac07710c36afb1,6706701a98ac07710c36afd2,Taceo curia vestrum totidem aegre.,2,2024-10-08T13:39:01.120Z,0
6706701c98ac07710c36c098,6706701a98ac07710c36af9b,6706701a98ac07710c36b066,Demoror derelinquo subseco tabernus.,2,2024-10-09T08:32:50.730Z,0
6706701c98ac07710c36c099,6706701a98ac07710c36af87,6706701a98ac07710c36b043,Accusamus consuasor attollo absum sponte sursum aliqua.,4,2024-10-09T02:50:16.416Z,0
6706701c98ac07710c36c09a,6706701a98ac07710c36af50,6706701a98ac07710c36b076,Creator vado sub supra stillicidium aequus unus aegre ulciscor.,2,2024-10-08T21:45:29.506Z,0
6706701c98ac07710c36c09b,6706701a98ac07710c36afc4,6706701a98ac07710c36b01e,Tunc velociter expedita adipiscor velum.,2,2024-10-08T20:44:30.621Z,0
6706701c98ac07710c36c09c,6706701a98ac07710c36af40,6706701a98ac07710c36b010,Approbo cupio nihil adopto theatrum saepe aperio tenus.,3,2024-10-08T18:48:34.402Z,0
6706701c98ac07710c36c09d,6706701a98ac07710c36aeb2,6706701a98ac07710c36b0ed,Textor suffoco cupressus cito ubi summa cotidie varius adsuesco suggero.,2,2024-10-08T18:49:20.523Z,0
6706701c98ac07710c36c09e,6706701a98ac07710c36af2a,6706701a98ac07710c36b0b2,Deprimo spiculum astrum defaeco temporibus.,3,2024-10-09T02:35:58.858Z,0
6706701c98ac07710c36c09f,6706701a98ac07710c36af06,6706701a98ac07710c36b023,Desidero bardus audentia vulgus pectus necessitatibus.,4,2024-10-08T20:53:52.685Z,0
6706701c98ac07710c36c0a0,6706701a98ac07710c36af41,6706701a98ac07710c36b06c,Cariosus voluptas admiratio approbo cado conservo voluptate acies.,5,2024-10-09T01:07:31.933Z,0
6706701c98ac07710c36c0a1,6706701a98ac07710c36aeff,6706701a98ac07710c36b0a0,Acervus approbo beneficium contigo contigo pariatur spiritus error creator amicitia.,2,2024-10-08T12:01:50.136Z,0
6706701c98ac07710c36c0a2,6706701a98ac07710c36af40,6706701a98ac07710c36b070,Numquam adinventitias cibus quasi defungo absorbeo laboriosam vulgaris.,1,2024-10-09T03:26:10.674Z,0
6706701c98ac07710c36c0a3,6706701a98ac07710c36afc6,6706701a98ac07710c36b06f,Ultio adfero impedit cresco uterque.,4,2024-10-08T18:13:57.724Z,0
6706701c98ac07710c36c0a4,6706701a98ac07710c36af0e,6706701a98ac07710c36affa,Decretum creber caelestis artificiose debilito ars.,3,2024-10-09T00:52:34.814Z,0
6706701c98ac07710c36c0a5,6706701a98ac07710c36aecd,6706701a98ac07710c36afee,Traho canto constans cursus umquam aegre decet certe comedo.,1,2024-10-09T06:45:03.902Z,0
6706701c98ac07710c36c0a6,6706701a98ac07710c36afc0,6706701a98ac07710c36b034,Termes contego nisi tristis tamdiu quasi theca.,4,2024-10-08T14:29:32.536Z,0
6706701c98ac07710c36c0a7,6706701a98ac07710c36afb3,6706701a98ac07710c36b096,Allatus angelus contra viriliter repudiandae sol.,5,2024-10-08T22:37:12.696Z,0
6706701c98ac07710c36c0a8,6706701a98ac07710c36afbf,6706701a98ac07710c36b0bf,Vilicus congregatio desparatus.,4,2024-10-09T01:39:59.496Z,0
6706701c98ac07710c36c0a9,6706701a98ac07710c36af44,6706701a98ac07710c36afd7,Careo cupressus voluptatum acies delectatio vinco bis termes infit.,2,2024-10-08T18:01:05.277Z,0
6706701c98ac07710c36c0aa,6706701a98ac07710c36aee5,6706701a98ac07710c36b073,Articulus defleo creo tametsi.,2,2024-10-08T17:02:15.334Z,0
6706701c98ac07710c36c0ab,6706701a98ac07710c36aee2,6706701a98ac07710c36b0f9,Vestrum cerno vinitor verumtamen explicabo.,5,2024-10-08T19:20:30.646Z,0
6706701c98ac07710c36c0ac,6706701a98ac07710c36aedc,6706701a98ac07710c36b09e,Celer vinum cinis cinis aliqua cognatus.,4,2024-10-09T03:56:38.872Z,0
6706701c98ac07710c36c0ad,6706701a98ac07710c36afba,6706701a98ac07710c36b0a6,Vereor vos somnus comes tum tum vacuus adsidue charisma.,5,2024-10-09T10:59:51.962Z,0
6706701c98ac07710c36c0ae,6706701a98ac07710c36aeab,6706701a98ac07710c36b03a,Tondeo demoror adsum.,1,2024-10-09T11:50:32.704Z,0
6706701c98ac07710c36c0af,6706701a98ac07710c36afb1,6706701a98ac07710c36b04f,Sum stabilis commodi et ante.,2,2024-10-09T07:26:50.262Z,0
6706701c98ac07710c36c0b0,6706701a98ac07710c36af5b,6706701a98ac07710c36b0b0,Fugit sollers umerus conspergo ago ver caelestis acsi.,1,2024-10-09T01:32:23.818Z,0
6706701c98ac07710c36c0b1,6706701a98ac07710c36aec1,6706701a98ac07710c36b0b5,Dapifer studio sperno vulnero beneficium sufficio debitis.,1,2024-10-08T12:45:54.898Z,0
6706701c98ac07710c36c0b2,6706701a98ac07710c36aee7,6706701a98ac07710c36b077,Quaerat defluo demoror tabula crepusculum aureus coruscus.,3,2024-10-09T06:50:44.090Z,0
6706701c98ac07710c36c0b3,6706701a98ac07710c36af7d,6706701a98ac07710c36afe9,Magnam quae nostrum aduro crastinus.,1,2024-10-09T06:31:12.264Z,0
6706701c98ac07710c36c0b4,6706701a98ac07710c36afa0,6706701a98ac07710c36b02a,Ventus amplitudo depopulo debeo canis dolore aperte.,1,2024-10-09T10:17:01.293Z,0
6706701c98ac07710c36c0b5,6706701a98ac07710c36af1d,6706701a98ac07710c36b0ce,Candidus voluptatum utique delicate.,3,2024-10-09T04:48:58.173Z,0
6706701c98ac07710c36c0b6,6706701a98ac07710c36afbd,6706701a98ac07710c36b032,Compello summisse ambitus theca admiratio cunabula odio comprehendo.,3,2024-10-08T12:45:34.575Z,0
6706701c98ac07710c36c0b7,6706701a98ac07710c36aec6,6706701a98ac07710c36b010,Corrigo amet vir validus compello verumtamen.,4,2024-10-09T10:49:53.778Z,0
6706701c98ac07710c36c0b8,6706701a98ac07710c36aef7,6706701a98ac07710c36b0f4,Congregatio aegre solitudo tenus carus tricesimus.,4,2024-10-09T01:37:13.805Z,0
6706701c98ac07710c36c0b9,6706701a98ac07710c36af65,6706701a98ac07710c36afd8,Compono deputo crudelis audentia thorax vis confugo sodalitas apud angulus.,4,2024-10-08T13:55:49.335Z,0
6706701c98ac07710c36c0ba,6706701a98ac07710c36afc2,6706701a98ac07710c36b0c1,Stillicidium tametsi cultellus.,3,2024-10-08T22:06:28.919Z,0
6706701c98ac07710c36c0bb,6706701a98ac07710c36af2b,6706701a98ac07710c36b0e5,Tenuis vulgivagus cribro tredecim decens comptus accusamus.,2,2024-10-09T05:09:12.807Z,0
6706701c98ac07710c36c0bc,6706701a98ac07710c36af66,6706701a98ac07710c36b0f5,Argentum velociter terror fugiat deduco tui caveo veritatis amet.,2,2024-10-08T21:57:06.882Z,0
6706701c98ac07710c36c0bd,6706701a98ac07710c36afc8,6706701a98ac07710c36b096,Tergiversatio cado provident volaticus et defessus vita.,1,2024-10-09T10:45:47.968Z,0
6706701c98ac07710c36c0be,6706701a98ac07710c36af65,6706701a98ac07710c36b094,Quibusdam expedita crux.,4,2024-10-09T01:08:02.882Z,0
6706701c98ac07710c36c0bf,6706701a98ac07710c36af48,6706701a98ac07710c36afe1,Cerno peior ultra.,5,2024-10-09T01:55:38.367Z,0
6706701c98ac07710c36c0c0,6706701a98ac07710c36aeb9,6706701a98ac07710c36b057,Validus defendo cetera.,5,2024-10-08T17:15:35.346Z,0
6706701c98ac07710c36c0c1,6706701a98ac07710c36af55,6706701a98ac07710c36b0da,Cupiditas crustulum esse ocer defendo vos trado sto.,1,2024-10-09T01:24:39.611Z,0
6706701c98ac07710c36c0c2,6706701a98ac07710c36aea3,6706701a98ac07710c36b0db,Absorbeo curto attonbitus cotidie assumenda caveo.,5,2024-10-09T04:12:28.237Z,0
6706701c98ac07710c36c0c3,6706701a98ac07710c36af3c,6706701a98ac07710c36affc,Coerceo comprehendo aeger delinquo annus.,4,2024-10-09T11:58:30.713Z,0
6706701c98ac07710c36c0c4,6706701a98ac07710c36af8d,6706701a98ac07710c36b0a3,Defessus conicio acquiro asper teres correptius.,1,2024-10-09T08:56:37.739Z,0
6706701c98ac07710c36c0c5,6706701a98ac07710c36afa8,6706701a98ac07710c36b0bf,Adsidue demonstro decretum quos delectatio.,3,2024-10-09T00:27:22.256Z,0
6706701c98ac07710c36c0c6,6706701a98ac07710c36af8b,6706701a98ac07710c36b0e6,Trans tergum demo vulgo perferendis beneficium taceo.,2,2024-10-09T07:54:13.564Z,0
6706701c98ac07710c36c0c7,6706701a98ac07710c36af56,6706701a98ac07710c36b0d3,Delicate aggredior adinventitias civis conspergo ascisco debilito suppellex considero minima.,5,2024-10-08T19:13:50.550Z,0
6706701c98ac07710c36c0c8,6706701a98ac07710c36afb4,6706701a98ac07710c36b0f6,Dolores deleo sublime attonbitus.,4,2024-10-08T15:36:40.156Z,0
6706701c98ac07710c36c0c9,6706701a98ac07710c36af56,6706701a98ac07710c36b098,Deinde ex vero vorax ad consequuntur.,5,2024-10-08T19:18:45.298Z,0
6706701c98ac07710c36c0ca,6706701a98ac07710c36af69,6706701a98ac07710c36b0e2,Cerno decimus alius umbra corpus carcer totam censura quos iure.,3,2024-10-09T07:23:25.204Z,0
6706701c98ac07710c36c0cb,6706701a98ac07710c36af76,6706701a98ac07710c36b0df,Tollo utroque cohibeo.,5,2024-10-09T07:42:41.997Z,0
6706701c98ac07710c36c0cc,6706701a98ac07710c36aeaf,6706701a98ac07710c36b016,Tredecim patria comedo amiculum vilis usque.,5,2024-10-09T06:43:59.019Z,0
6706701c98ac07710c36c0cd,6706701a98ac07710c36afbc,6706701a98ac07710c36b081,Vester canonicus adimpleo laudantium.,3,2024-10-08T18:38:46.780Z,0
6706701c98ac07710c36c0ce,6706701a98ac07710c36af7b,6706701a98ac07710c36b0f6,Confugo tolero vito agnosco amicitia abstergo aspernatur adflicto.,3,2024-10-09T03:49:02.394Z,0
6706701c98ac07710c36c0cf,6706701a98ac07710c36aef9,6706701a98ac07710c36b04b,Agnitio illum comparo crinis esse cariosus combibo vestigium.,3,2024-10-08T12:24:20.010Z,0
6706701c98ac07710c36c0d0,6706701a98ac07710c36af27,6706701a98ac07710c36b027,Viduo temeritas arbitro cinis.,5,2024-10-08T15:34:44.656Z,0
6706701c98ac07710c36c0d1,6706701a98ac07710c36af36,6706701a98ac07710c36b0e1,Cursim corporis decumbo assentator amoveo auctor.,3,2024-10-08T19:56:44.796Z,0
6706701c98ac07710c36c0d2,6706701a98ac07710c36af35,6706701a98ac07710c36b0d8,Qui curis thorax cetera vos cauda sollicito statua degenero tandem.,1,2024-10-08T12:28:25.373Z,0
6706701c98ac07710c36c0d3,6706701a98ac07710c36af6d,6706701a98ac07710c36b07d,Defluo ipsa beatae cariosus thesis tondeo spargo.,1,2024-10-09T00:50:07.947Z,0
6706701c98ac07710c36c0d4,6706701a98ac07710c36af2c,6706701a98ac07710c36b0e8,Vis tremo coepi cohibeo demum celebrer cimentarius.,2,2024-10-08T22:44:54.496Z,0
6706701c98ac07710c36c0d5,6706701a98ac07710c36afb5,6706701a98ac07710c36afe5,Aptus vestrum ullam vix ex arca tyrannus tui.,4,2024-10-08T15:16:59.816Z,0
6706701c98ac07710c36c0d6,6706701a98ac07710c36af79,6706701a98ac07710c36b0b3,Blandior bos ars denuo consuasor.,4,2024-10-08T22:30:31.241Z,0
6706701c98ac07710c36c0d7,6706701a98ac07710c36af88,6706701a98ac07710c36b032,Conservo tabernus crustulum certus.,4,2024-10-09T03:14:42.677Z,0
6706701c98ac07710c36c0d8,6706701a98ac07710c36af2d,6706701a98ac07710c36afd2,Ea provident amplus tot depono.,5,2024-10-09T04:30:44.712Z,0
6706701c98ac07710c36c0d9,6706701a98ac07710c36af6d,6706701a98ac07710c36b04a,Peior artificiose crudelis turpis.,1,2024-10-09T05:53:00.849Z,0
6706701c98ac07710c36c0da,6706701a98ac07710c36afc5,6706701a98ac07710c36b09b,Creator repellendus decor colo solio vinum possimus.,1,2024-10-09T07:07:39.984Z,0
6706701c98ac07710c36c0db,6706701a98ac07710c36af7f,6706701a98ac07710c36b089,Ventito cotidie succedo apparatus quas.,3,2024-10-08T23:08:02.184Z,0
6706701c98ac07710c36c0dc,6706701a98ac07710c36af09,6706701a98ac07710c36afd7,Decor expedita conqueror adfero arcesso.,3,2024-10-09T08:06:11.450Z,0
6706701c98ac07710c36c0dd,6706701a98ac07710c36afc9,6706701a98ac07710c36affe,Arcus cresco ancilla damno.,3,2024-10-08T14:25:23.294Z,0
6706701c98ac07710c36c0de,6706701a98ac07710c36afbd,6706701a98ac07710c36b076,Usus sol adsidue vetus abeo cimentarius contra totus ara socius.,4,2024-10-09T09:15:19.412Z,0
6706701c98ac07710c36c0df,6706701a98ac07710c36af0b,6706701a98ac07710c36b01d,Spiritus sui talio clementia iste velum ratione uberrime.,5,2024-10-08T22:24:31.352Z,0
6706701c98ac07710c36c0e0,6706701a98ac07710c36af2a,6706701a98ac07710c36b0ec,Asporto adsidue abbas argumentum vulgaris.,1,2024-10-09T04:48:37.895Z,0
6706701c98ac07710c36c0e1,6706701a98ac07710c36af37,6706701a98ac07710c36b028,Sumo itaque beatus a adamo.,4,2024-10-08T20:38:07.054Z,0
6706701c98ac07710c36c0e2,6706701a98ac07710c36af23,6706701a98ac07710c36b047,Urbs comburo deduco thymum canis votum acer.,4,2024-10-09T05:45:38.109Z,0
6706701c98ac07710c36c0e3,6706701a98ac07710c36af04,6706701a98ac07710c36b09b,Sonitus coepi curtus.,4,2024-10-09T01:28:39.265Z,0
6706701c98ac07710c36c0e4,6706701a98ac07710c36af7c,6706701a98ac07710c36b089,Venia ea confido.,4,2024-10-08T23:19:00.138Z,0
6706701c98ac07710c36c0e5,6706701a98ac07710c36aef1,6706701a98ac07710c36b0b0,Cito atqui cupressus molestiae paulatim tabella claro amitto vacuus.,2,2024-10-09T08:01:06.982Z,0
6706701c98ac07710c36c0e6,6706701a98ac07710c36af3a,6706701a98ac07710c36b0ae,Vado in adfectus.,4,2024-10-09T05:43:37.900Z,0
6706701c98ac07710c36c0e7,6706701a98ac07710c36af49,6706701a98ac07710c36aff4,Aperte nisi peccatus appello ver talis strenuus.,2,2024-10-09T05:12:42.707Z,0
6706701c98ac07710c36c0e8,6706701a98ac07710c36af89,6706701a98ac07710c36b020,Decens vulticulus facilis.,3,2024-10-08T15:00:45.474Z,0
6706701c98ac07710c36c0e9,6706701a98ac07710c36af62,6706701a98ac07710c36afe2,Subseco tabula decor arguo.,5,2024-10-08T21:42:51.263Z,0
6706701c98ac07710c36c0ea,6706701a98ac07710c36af25,6706701a98ac07710c36b01e,Virtus quos vulgus ater torqueo debilito absens aedificium voluptates testimonium.,1,2024-10-09T03:48:11.274Z,0
6706701c98ac07710c36c0eb,6706701a98ac07710c36aecd,6706701a98ac07710c36b07f,Tolero contra traho vicinus canonicus saepe quod volup laudantium.,1,2024-10-09T06:30:53.665Z,0
6706701c98ac07710c36c0ec,6706701a98ac07710c36aec3,6706701a98ac07710c36b07e,Antea super auxilium auditor alter summopere soleo capitulus temptatio.,1,2024-10-09T06:05:09.031Z,0
6706701c98ac07710c36c0ed,6706701a98ac07710c36afa7,6706701a98ac07710c36b07f,Terra advenio sol deorsum suadeo.,5,2024-10-08T18:50:05.218Z,0
6706701c98ac07710c36c0ee,6706701a98ac07710c36aeaf,6706701a98ac07710c36b0e4,Toties vesper spoliatio delibero itaque triduana arx cunabula et.,5,2024-10-08T21:27:45.516Z,0
6706701c98ac07710c36c0ef,6706701a98ac07710c36aeba,6706701a98ac07710c36b0d5,Paulatim curtus illum sol acquiro bestia arbustum sulum tardus sub.,2,2024-10-08T19:49:41.742Z,0
6706701c98ac07710c36c0f0,6706701a98ac07710c36af0c,6706701a98ac07710c36b0d9,Sortitus creo antepono claustrum.,4,2024-10-09T07:10:15.638Z,0
6706701c98ac07710c36c0f1,6706701a98ac07710c36aeaf,6706701a98ac07710c36b0ad,Ullam adiuvo volaticus cornu conscendo angelus subito altus barba concido.,5,2024-10-08T15:40:42.729Z,0
6706701c98ac07710c36c0f2,6706701a98ac07710c36aead,6706701a98ac07710c36b0d0,Thalassinus iusto et iusto votum volo contra voluptas patruus temperantia.,3,2024-10-08T15:56:02.085Z,0
6706701c98ac07710c36c0f3,6706701a98ac07710c36afb7,6706701a98ac07710c36b02e,Inventore dapifer conatus caelestis.,4,2024-10-09T10:16:39.334Z,0
6706701c98ac07710c36c0f4,6706701a98ac07710c36afb0,6706701a98ac07710c36b057,Tabgo nulla calculus teneo aut umbra.,3,2024-10-08T22:21:49.670Z,0
6706701c98ac07710c36c0f5,6706701a98ac07710c36aee3,6706701a98ac07710c36b0e2,Vomito velum ventito antepono tersus tondeo deprimo suppono confugo censura.,1,2024-10-09T05:34:19.275Z,0
6706701c98ac07710c36c0f6,6706701a98ac07710c36af26,6706701a98ac07710c36b0a9,Nulla capillus coma cogo corroboro antepono alioqui pauci.,1,2024-10-09T08:27:23.636Z,0
6706701c98ac07710c36c0f7,6706701a98ac07710c36aef4,6706701a98ac07710c36aff1,Accendo consequuntur alius itaque sui averto bis illum spiritus.,4,2024-10-08T19:57:14.780Z,0
6706701c98ac07710c36c0f8,6706701a98ac07710c36af8b,6706701a98ac07710c36b0ae,Aequitas surculus absum undique adeptio vestigium crapula tribuo aeger.,5,2024-10-08T16:21:31.153Z,0
6706701c98ac07710c36c0f9,6706701a98ac07710c36afa2,6706701a98ac07710c36b025,Talio trado contra.,3,2024-10-09T06:58:30.647Z,0
6706701c98ac07710c36c0fa,6706701a98ac07710c36aea7,6706701a98ac07710c36b002,Doloremque timidus stillicidium.,5,2024-10-09T08:06:10.389Z,0
6706701c98ac07710c36c0fb,6706701a98ac07710c36aee0,6706701a98ac07710c36b052,Amiculum contego tamisium subito apud altus cavus talus vomer arbustum.,4,2024-10-09T02:01:38.768Z,0
6706701c98ac07710c36c0fc,6706701a98ac07710c36af5f,6706701a98ac07710c36affb,Excepturi admitto atrocitas consectetur censura vado tepesco coma ciminatio.,4,2024-10-09T01:42:23.634Z,0
6706701c98ac07710c36c0fd,6706701a98ac07710c36af32,6706701a98ac07710c36b0b5,Tripudio fuga consectetur venustas vallum.,3,2024-10-09T04:28:25.886Z,0
6706701c98ac07710c36c0fe,6706701a98ac07710c36af02,6706701a98ac07710c36b099,Vester dedecor thesis anser accedo articulus clam volaticus tabula.,1,2024-10-09T02:05:45.052Z,0
6706701c98ac07710c36c0ff,6706701a98ac07710c36af6c,6706701a98ac07710c36b0c1,Tepesco adulatio villa tumultus tepesco censura adficio admoveo territo charisma.,2,2024-10-08T23:56:34.327Z,0
6706701c98ac07710c36c100,6706701a98ac07710c36af7c,6706701a98ac07710c36b070,Infit verecundia torqueo comburo sollicito adulatio thalassinus.,1,2024-10-09T00:43:02.823Z,0
6706701c98ac07710c36c101,6706701a98ac07710c36afb1,6706701a98ac07710c36afd1,Benigne avarus civis sum aeternus color tui sodalitas.,1,2024-10-08T20:01:55.782Z,0
6706701c98ac07710c36c102,6706701a98ac07710c36af52,6706701a98ac07710c36b08f,Vociferor abduco error tonsor tardus aliquam inflammatio suggero.,5,2024-10-08T14:59:03.379Z,0
6706701c98ac07710c36c103,6706701a98ac07710c36af1d,6706701a98ac07710c36b088,Minus amet consequuntur abbas modi repudiandae utpote.,4,2024-10-09T04:08:04.167Z,0
6706701c98ac07710c36c104,6706701a98ac07710c36af3b,6706701a98ac07710c36afd3,Canis admoneo titulus atque confido deficio suasoria voluptatibus.,1,2024-10-08T20:30:47.897Z,0
6706701c98ac07710c36c105,6706701a98ac07710c36af3d,6706701a98ac07710c36b041,Admoneo congregatio valens maiores beatae ustulo crur stips praesentium iste.,5,2024-10-08T23:23:40.457Z,0
6706701c98ac07710c36c106,6706701a98ac07710c36af65,6706701a98ac07710c36b047,Vir aestivus aiunt.,5,2024-10-08T18:46:48.700Z,0
6706701c98ac07710c36c107,6706701a98ac07710c36af90,6706701a98ac07710c36b0e3,Canis torrens cena acies umerus ubi laudantium.,3,2024-10-09T04:15:58.928Z,0
6706701c98ac07710c36c108,6706701a98ac07710c36aeac,6706701a98ac07710c36b054,Ab ventosus arca statua absens verto tempora.,5,2024-10-09T05:49:37.021Z,0
6706701c98ac07710c36c109,6706701a98ac07710c36af00,6706701a98ac07710c36b070,Aliquam vulnero necessitatibus.,1,2024-10-09T02:17:58.655Z,0
6706701c98ac07710c36c10a,6706701a98ac07710c36af1e,6706701a98ac07710c36b0eb,Vulariter eaque desparatus vesco absorbeo decor.,2,2024-10-08T19:14:49.448Z,0
6706701c98ac07710c36c10b,6706701a98ac07710c36af06,6706701a98ac07710c36b0a5,At adipiscor sodalitas.,1,2024-10-08T15:45:09.530Z,0
6706701c98ac07710c36c10c,6706701a98ac07710c36af94,6706701a98ac07710c36b020,Desidero uberrime carbo derideo campana praesentium celer vestigium.,1,2024-10-08T20:09:34.003Z,0
6706701c98ac07710c36c10d,6706701a98ac07710c36af5c,6706701a98ac07710c36afdb,Tracto thesaurus cattus.,3,2024-10-08T18:35:40.889Z,0
6706701c98ac07710c36c10e,6706701a98ac07710c36afc5,6706701a98ac07710c36aff0,Cauda tendo volutabrum atrox decumbo dolore deduco vobis labore.,4,2024-10-08T21:05:27.244Z,0
6706701c98ac07710c36c10f,6706701a98ac07710c36aeac,6706701a98ac07710c36aff0,Vulgivagus confugo accommodo arto torrens quas creber coniuratio utor.,3,2024-10-09T09:23:44.712Z,0
6706701c98ac07710c36c110,6706701a98ac07710c36afc0,6706701a98ac07710c36afd6,Somniculosus thermae decretum totidem cito consequuntur arceo cohors.,4,2024-10-09T02:10:04.793Z,0
6706701c98ac07710c36c111,6706701a98ac07710c36af20,6706701a98ac07710c36b037,Aro turba totidem adflicto curtus valetudo canis aperte acquiro uredo.,4,2024-10-09T08:24:28.774Z,0
6706701c98ac07710c36c112,6706701a98ac07710c36afb0,6706701a98ac07710c36b0e0,Vilicus perspiciatis peior.,2,2024-10-08T19:06:24.478Z,0
6706701c98ac07710c36c113,6706701a98ac07710c36af96,6706701a98ac07710c36b0a2,Ubi tabula subnecto socius utrimque deficio decet.,3,2024-10-09T09:51:32.587Z,0
6706701c98ac07710c36c114,6706701a98ac07710c36afba,6706701a98ac07710c36b017,Non appositus somniculosus clam commodi.,4,2024-10-09T06:15:29.566Z,0
6706701c98ac07710c36c115,6706701a98ac07710c36af48,6706701a98ac07710c36b0f8,Sophismata tersus aegrotatio verbera deporto valeo annus molestiae conicio articulus.,2,2024-10-09T07:44:15.911Z,0
6706701c98ac07710c36c116,6706701a98ac07710c36af0e,6706701a98ac07710c36b0f1,Urbs teres voluntarius delinquo audacia subito utor usque comptus.,3,2024-10-08T21:26:27.264Z,0
6706701c98ac07710c36c117,6706701a98ac07710c36af0a,6706701a98ac07710c36b09f,Apostolus complectus supplanto iste tantum error.,4,2024-10-08T16:24:32.060Z,0
6706701c98ac07710c36c118,6706701a98ac07710c36aeb8,6706701a98ac07710c36b044,Urbs coepi umerus soleo bos corporis appono sufficio aiunt.,2,2024-10-08T13:23:34.206Z,0
6706701c98ac07710c36c119,6706701a98ac07710c36afb8,6706701a98ac07710c36afd2,Tabula cunabula tergeo cogito coerceo vicinus cado veritatis aro cohors.,4,2024-10-08T17:34:26.486Z,0
6706701c98ac07710c36c11a,6706701a98ac07710c36af00,6706701a98ac07710c36afea,Corrupti molestiae damno tres sponte canis decet nihil creator comes.,5,2024-10-08T12:17:17.958Z,0
6706701c98ac07710c36c11b,6706701a98ac07710c36af31,6706701a98ac07710c36b0c8,Votum vel altus quisquam arma thalassinus tum surgo celo.,1,2024-10-09T03:07:10.139Z,0
6706701c98ac07710c36c11c,6706701a98ac07710c36af77,6706701a98ac07710c36afe2,Et cresco amita adopto victus tener capio stipes.,4,2024-10-08T14:04:47.886Z,0
6706701c98ac07710c36c11d,6706701a98ac07710c36af34,6706701a98ac07710c36b02d,Tripudio vox aggero.,1,2024-10-09T11:47:06.546Z,0
6706701c98ac07710c36c11e,6706701a98ac07710c36af71,6706701a98ac07710c36b02d,Decens depraedor dolorem vester coniecto suppono debitis.,5,2024-10-08T13:19:52.168Z,0
6706701c98ac07710c36c11f,6706701a98ac07710c36afb6,6706701a98ac07710c36b0e0,Caritas conturbo voluptatem consequuntur amplus.,2,2024-10-08T19:56:31.395Z,0
6706701c98ac07710c36c120,6706701a98ac07710c36af59,6706701a98ac07710c36b02a,Sopor quidem aperiam allatus vere.,2,2024-10-08T13:24:50.174Z,0
6706701c98ac07710c36c121,6706701a98ac07710c36af9c,6706701a98ac07710c36b0ce,Paens brevis aspernatur curso.,3,2024-10-08T15:10:51.790Z,0
6706701c98ac07710c36c122,6706701a98ac07710c36aefe,6706701a98ac07710c36b040,Ver adeptio votum adopto.,4,2024-10-08T13:48:53.081Z,0
6706701c98ac07710c36c123,6706701a98ac07710c36af93,6706701a98ac07710c36b05a,Adsum sol antea utor spiculum deputo eligendi aufero tumultus.,2,2024-10-09T08:43:02.044Z,0
6706701c98ac07710c36c124,6706701a98ac07710c36afa7,6706701a98ac07710c36b0d4,Adulatio degusto umerus subnecto delinquo tabernus.,2,2024-10-09T01:34:44.385Z,0
6706701c98ac07710c36c125,6706701a98ac07710c36afc0,6706701a98ac07710c36b0d2,Custodia vulariter capillus unde adulescens.,5,2024-10-09T05:20:39.633Z,0
6706701c98ac07710c36c126,6706701a98ac07710c36afb0,6706701a98ac07710c36b09b,Arguo dolores decet utpote aetas temperantia delectus vulariter.,5,2024-10-08T16:39:54.132Z,0
6706701c98ac07710c36c127,6706701a98ac07710c36aeb0,6706701a98ac07710c36b03d,Aperio aestus conculco traho autus accusantium.,5,2024-10-09T07:12:48.282Z,0
6706701c98ac07710c36c128,6706701a98ac07710c36af65,6706701a98ac07710c36b091,Vos desolo corpus creta tamisium utpote denuncio sperno.,3,2024-10-09T02:17:55.226Z,0
6706701c98ac07710c36c129,6706701a98ac07710c36aeec,6706701a98ac07710c36b024,Taedium mollitia abscido pectus admoneo eveniet.,5,2024-10-08T12:56:58.664Z,0
6706701c98ac07710c36c12a,6706701a98ac07710c36aec0,6706701a98ac07710c36b083,Explicabo vaco laborum alii possimus arbustum callide varietas aurum eius.,1,2024-10-09T09:44:08.902Z,0
6706701c98ac07710c36c12b,6706701a98ac07710c36af81,6706701a98ac07710c36b0f6,Concedo amitto timidus stultus.,1,2024-10-08T13:31:42.827Z,0
6706701c98ac07710c36c12c,6706701a98ac07710c36af4f,6706701a98ac07710c36b0dc,Stipes brevis viscus tempora statim tergeo amaritudo.,2,2024-10-08T22:21:03.908Z,0
6706701c98ac07710c36c12d,6706701a98ac07710c36aebe,6706701a98ac07710c36b050,Depereo commodo vesica commodi.,3,2024-10-09T08:21:57.856Z,0
6706701c98ac07710c36c12e,6706701a98ac07710c36afb8,6706701a98ac07710c36b002,Vito articulus caelum adfero veniam ex cumque qui dapifer.,1,2024-10-09T03:55:35.321Z,0
6706701c98ac07710c36c12f,6706701a98ac07710c36af1f,6706701a98ac07710c36b0f3,Custodia necessitatibus vir.,1,2024-10-09T07:10:40.320Z,0
6706701c98ac07710c36c130,6706701a98ac07710c36aeb0,6706701a98ac07710c36b05f,Tibi vergo umerus arto degusto volutabrum enim carpo denique conculco.,3,2024-10-09T00:40:53.972Z,0
6706701c98ac07710c36c131,6706701a98ac07710c36aec8,6706701a98ac07710c36b08f,Inventore solitudo corrumpo cunctatio sopor thema atqui confido vicinus.,5,2024-10-09T06:30:22.578Z,0
6706701c98ac07710c36c132,6706701a98ac07710c36af1c,6706701a98ac07710c36aff2,Allatus damnatio viduo thesis sperno aer strues casso conturbo.,2,2024-10-09T01:45:59.396Z,0
6706701c98ac07710c36c133,6706701a98ac07710c36af54,6706701a98ac07710c36b057,Apud bene bellum auxilium umquam antea stultus.,5,2024-10-09T04:07:20.520Z,0
6706701c98ac07710c36c134,6706701a98ac07710c36aebe,6706701a98ac07710c36b04f,Tergum decens tener apto clarus super amiculum truculenter.,4,2024-10-09T03:33:06.886Z,0
6706701c98ac07710c36c135,6706701a98ac07710c36af1e,6706701a98ac07710c36b0de,Odit sufficio terra.,3,2024-10-09T10:53:16.250Z,0
6706701c98ac07710c36c136,6706701a98ac07710c36aef8,6706701a98ac07710c36b071,Suscipit aufero omnis.,1,2024-10-09T11:04:36.989Z,0
6706701c98ac07710c36c137,6706701a98ac07710c36aea5,6706701a98ac07710c36b021,Victoria iusto claro adicio decipio natus.,4,2024-10-09T08:01:02.290Z,0
6706701c98ac07710c36c138,6706701a98ac07710c36af17,6706701a98ac07710c36b0b0,Paulatim soleo comptus curis sint uredo tego repellat speculum.,5,2024-10-09T08:06:44.049Z,0
6706701c98ac07710c36c139,6706701a98ac07710c36aec7,6706701a98ac07710c36b0da,Solitudo sollers theologus apparatus.,4,2024-10-09T09:22:48.042Z,0
6706701c98ac07710c36c13a,6706701a98ac07710c36af66,6706701a98ac07710c36b0c6,Aptus teneo cohibeo nulla absque saepe curo aperiam abutor.,3,2024-10-08T13:08:48.444Z,0
6706701c98ac07710c36c13b,6706701a98ac07710c36af87,6706701a98ac07710c36b08c,Cohors voluptatibus quibusdam debilito artificiose repellat.,5,2024-10-09T09:25:28.479Z,0
6706701c98ac07710c36c13c,6706701a98ac07710c36af8f,6706701a98ac07710c36b00a,Crapula aveho amicitia verbera alius crustulum.,3,2024-10-08T22:26:46.654Z,0
6706701c98ac07710c36c13d,6706701a98ac07710c36af3e,6706701a98ac07710c36b0a7,Nisi benigne terror placeat utor atavus ullam.,1,2024-10-09T10:42:57.475Z,0
6706701c98ac07710c36c13e,6706701a98ac07710c36af63,6706701a98ac07710c36b01f,Maiores caterva vado ratione vulnero sortitus cornu defessus earum.,2,2024-10-08T18:25:12.827Z,0
6706701c98ac07710c36c13f,6706701a98ac07710c36afb0,6706701a98ac07710c36aff8,Vulnero amoveo amaritudo dolore beatus comedo modi credo.,5,2024-10-08T20:00:36.650Z,0
6706701c98ac07710c36c140,6706701a98ac07710c36af15,6706701a98ac07710c36b03c,Bene ustulo depopulo argentum.,4,2024-10-08T12:43:45.290Z,0
6706701c98ac07710c36c141,6706701a98ac07710c36afad,6706701a98ac07710c36b09f,Enim tergum sonitus dolorum.,3,2024-10-08T18:06:19.758Z,0
6706701c98ac07710c36c142,6706701a98ac07710c36af9f,6706701a98ac07710c36b095,Aestivus facere civitas.,3,2024-10-08T15:15:23.615Z,0
6706701c98ac07710c36c143,6706701a98ac07710c36af54,6706701a98ac07710c36b04d,Despecto repellat non aro apud doloribus sustineo.,1,2024-10-09T06:38:37.040Z,0
6706701c98ac07710c36c144,6706701a98ac07710c36aeac,6706701a98ac07710c36b0c5,Peior vinitor suus surculus depereo cauda cumque clamo.,5,2024-10-09T07:20:16.193Z,0
6706701c98ac07710c36c145,6706701a98ac07710c36aeea,6706701a98ac07710c36b032,Votum defleo sophismata ipsa comprehendo quaerat.,2,2024-10-09T03:08:30.349Z,0
6706701c98ac07710c36c146,6706701a98ac07710c36af6d,6706701a98ac07710c36b0a5,Molestiae velut non minus occaecati cohaero decipio tunc.,2,2024-10-09T03:46:51.220Z,0
6706701c98ac07710c36c147,6706701a98ac07710c36af54,6706701a98ac07710c36b0b9,Adulatio capillus nulla atqui absens nulla.,3,2024-10-09T07:44:56.261Z,0
6706701c98ac07710c36c148,6706701a98ac07710c36aef2,6706701a98ac07710c36afd0,Absque adicio venia ambulo tepidus caritas carus cattus absque creta.,2,2024-10-08T22:34:10.486Z,0
6706701c98ac07710c36c149,6706701a98ac07710c36afb3,6706701a98ac07710c36b0f1,Tempore vere via depereo.,4,2024-10-08T15:39:24.887Z,0
6706701c98ac07710c36c14a,6706701a98ac07710c36af95,6706701a98ac07710c36b057,Thermae convoco admiratio decor aut veritas una canis vulpes curtus.,5,2024-10-08T21:49:48.493Z,0
6706701c98ac07710c36c14b,6706701a98ac07710c36afcd,6706701a98ac07710c36b03d,Curo terra villa trucido suppellex ustilo supplanto eveniet damno clementia.,1,2024-10-08T13:37:15.591Z,0
6706701c98ac07710c36c14c,6706701a98ac07710c36af9f,6706701a98ac07710c36b0f0,Enim tres adversus acer.,5,2024-10-09T10:48:11.240Z,0
6706701c98ac07710c36c14d,6706701a98ac07710c36aec1,6706701a98ac07710c36b08d,Accendo speciosus eligendi ullam auctus.,5,2024-10-09T02:36:54.412Z,0
6706701c98ac07710c36c14e,6706701a98ac07710c36aee9,6706701a98ac07710c36afdb,Vespillo sumptus abstergo inventore accusator in tabesco vilitas.,2,2024-10-09T00:33:14.721Z,0
6706701c98ac07710c36c14f,6706701a98ac07710c36afac,6706701a98ac07710c36b0e2,Aptus color facere desino.,5,2024-10-08T16:53:25.898Z,0
6706701c98ac07710c36c150,6706701a98ac07710c36aefc,6706701a98ac07710c36b085,Curatio iusto subnecto.,3,2024-10-09T02:40:59.572Z,0
6706701c98ac07710c36c151,6706701a98ac07710c36afc8,6706701a98ac07710c36b06d,Ocer demergo defessus cito caute coerceo totam.,4,2024-10-08T17:26:59.320Z,0
6706701c98ac07710c36c152,6706701a98ac07710c36af5b,6706701a98ac07710c36b065,Aliquam aestas magni sustineo odit eveniet rerum.,1,2024-10-09T03:46:11.386Z,0
6706701c98ac07710c36c153,6706701a98ac07710c36aebd,6706701a98ac07710c36b0b8,Crinis corpus tabesco delectatio.,3,2024-10-09T00:49:10.861Z,0
6706701c98ac07710c36c154,6706701a98ac07710c36af24,6706701a98ac07710c36b03c,Quisquam suggero arto correptius arto ver alienus unde occaecati.,5,2024-10-08T19:35:42.813Z,0
6706701c98ac07710c36c155,6706701a98ac07710c36afc8,6706701a98ac07710c36afe6,Terminatio uberrime vinitor.,2,2024-10-08T12:25:24.250Z,0
6706701c98ac07710c36c156,6706701a98ac07710c36aee9,6706701a98ac07710c36b0dd,Ager terminatio stipes ciminatio textor pecto nesciunt.,2,2024-10-08T14:39:13.637Z,0
6706701c98ac07710c36c157,6706701a98ac07710c36aecf,6706701a98ac07710c36b098,Deporto dolor vivo veniam dicta tenuis audentia acerbitas cilicium.,4,2024-10-09T04:35:28.962Z,0
6706701c98ac07710c36c158,6706701a98ac07710c36af96,6706701a98ac07710c36b072,Vilis colligo comburo antepono viridis.,2,2024-10-08T16:59:27.894Z,0
6706701c98ac07710c36c159,6706701a98ac07710c36af43,6706701a98ac07710c36afd9,Antiquus dicta ventosus.,3,2024-10-09T11:34:16.569Z,0
6706701c98ac07710c36c15a,6706701a98ac07710c36aee0,6706701a98ac07710c36b0df,Laudantium benigne bellum thermae.,3,2024-10-09T02:05:15.294Z,0
6706701c98ac07710c36c15b,6706701a98ac07710c36af66,6706701a98ac07710c36b07c,Territo terror varius benigne est amor ipsa denuo vinitor.,3,2024-10-09T00:43:34.967Z,0
6706701c98ac07710c36c15c,6706701a98ac07710c36af60,6706701a98ac07710c36b060,Sublime apostolus baiulus.,3,2024-10-09T11:38:35.455Z,0
6706701c98ac07710c36c15d,6706701a98ac07710c36af85,6706701a98ac07710c36b048,Itaque pariatur carbo vilis adflicto.,3,2024-10-09T03:10:38.461Z,0
6706701c98ac07710c36c15e,6706701a98ac07710c36af02,6706701a98ac07710c36b0a5,Facilis adamo tonsor volup audio.,1,2024-10-09T05:46:38.989Z,0
6706701c98ac07710c36c15f,6706701a98ac07710c36af46,6706701a98ac07710c36b069,Arca certus timor cruentus.,1,2024-10-09T01:15:14.600Z,0
6706701c98ac07710c36c160,6706701a98ac07710c36af2b,6706701a98ac07710c36b009,Summisse altus consectetur adsum desparatus.,2,2024-10-08T22:14:29.036Z,0
6706701c98ac07710c36c161,6706701a98ac07710c36af32,6706701a98ac07710c36b0ed,Censura claustrum uter temptatio.,1,2024-10-09T06:12:15.443Z,0
6706701c98ac07710c36c162,6706701a98ac07710c36afbd,6706701a98ac07710c36b087,Pecco nulla advenio viridis.,2,2024-10-08T16:31:28.966Z,0
6706701c98ac07710c36c163,6706701a98ac07710c36af7b,6706701a98ac07710c36b0ce,Cervus vere tantum delectus alioqui spargo timidus.,4,2024-10-09T02:32:03.132Z,0
6706701c98ac07710c36c164,6706701a98ac07710c36af9c,6706701a98ac07710c36b09c,Despecto toties debilito.,2,2024-10-08T20:00:08.573Z,0
6706701c98ac07710c36c165,6706701a98ac07710c36aeff,6706701a98ac07710c36b04e,Tertius cresco debeo adfero surgo.,1,2024-10-08T17:05:05.892Z,0
6706701c98ac07710c36c166,6706701a98ac07710c36aee9,6706701a98ac07710c36aff3,Cribro desolo viscus iusto vos alveus caritas suadeo.,4,2024-10-08T13:09:16.202Z,0
6706701c98ac07710c36c167,6706701a98ac07710c36aeba,6706701a98ac07710c36b05e,Similique caute comburo succedo tui conicio.,3,2024-10-09T06:40:01.877Z,0
6706701c98ac07710c36c168,6706701a98ac07710c36af8a,6706701a98ac07710c36b0a9,Thesaurus alius cupiditate video solvo conventus una.,4,2024-10-09T02:07:21.823Z,0
670671fb2ce0cd253f1fa5c9,670670c52ce0cd253f1fa4d1,670670bc2ce0cd253f1fa4c8,woow ,3,2024-10-09T12:07:23.502Z,0
