userId,userKey
6706701a98ac07710c36af36,1
6706701a98ac07710c36afa1,2
6706701a98ac07710c36aebb,3
6706701a98ac07710c36afc0,4
6706701a98ac07710c36af74,5
6706701a98ac07710c36afb9,6
6706701a98ac07710c36aed6,7
6706701a98ac07710c36aee6,8
6706701a98ac07710c36af50,9
6706701a98ac07710c36af7c,10
6706701a98ac07710c36aed4,11
6706701a98ac07710c36af4f,12
6706701a98ac07710c36af45,13
6706701a98ac07710c36aed7,14
6706701a98ac07710c36aedc,15
6706701a98ac07710c36af59,16
6706701a98ac07710c36aee4,17
6706701a98ac07710c36af86,18
6706701a98ac07710c36aee5,19
6706701a98ac07710c36af09,20
6706701a98ac07710c36aee0,21
6706701a98ac07710c36af12,22
6706701a98ac07710c36af31,23
6706701a98ac07710c36af80,24
6706701a98ac07710c36aeb9,25
6706701a98ac07710c36af60,26
6706701a98ac07710c36af07,27
6706701a98ac07710c36af71,28
6706701a98ac07710c36af5a,29
6706701a98ac07710c36af0b,30
6706701a98ac07710c36afb0,31
6706701a98ac07710c36af24,32
6706701a98ac07710c36af48,33
6706701a98ac07710c36af16,34
6706701a98ac07710c36afbc,35
6706701a98ac07710c36af97,36
6706701a98ac07710c36aea5,37
6706701a98ac07710c36af8e,38
6706701a98ac07710c36af40,39
6706701a98ac07710c36af1b,40
6706701a98ac07710c36afa2,41
6706701a98ac07710c36aefc,42
6706701a98ac07710c36aeff,43
6706701a98ac07710c36af1c,44
6706701a98ac07710c36af9a,45
6706701a98ac07710c36afc6,46
6706701a98ac07710c36aed2,47
6706701a98ac07710c36af01,48
6706701a98ac07710c36aece,49
6706701a98ac07710c36afc5,50
6706701a98ac07710c36af3e,51
6706701a98ac07710c36aeaa,52
6706701a98ac07710c36afa3,53
6706701a98ac07710c36af51,54
6706701a98ac07710c36af7f,55
6706701a98ac07710c36af17,56
6706701a98ac07710c36af14,57
6706701a98ac07710c36aeed,58
6706701a98ac07710c36af72,59
6706701a98ac07710c36af15,60
6706701a98ac07710c36af44,61
6706701a98ac07710c36aeb4,62
6706701a98ac07710c36af56,63
6706701a98ac07710c36afa5,64
6706701a98ac07710c36af03,65
6706701a98ac07710c36aedd,66
6706701a98ac07710c36af30,67
6706701a98ac07710c36af5f,68
6706701a98ac07710c36af0e,69
6706701a98ac07710c36af08,70
6706701a98ac07710c36aecc,71
6706701a98ac07710c36afb4,72
6706701a98ac07710c36afb1,73
6706701a98ac07710c36af65,74
6706701a98ac07710c36aeca,75
6706701a98ac07710c36af73,76
6706701a98ac07710c36af94,77
6706701a98ac07710c36af0d,78
6706701a98ac07710c36aebf,79
6706701a98ac07710c36aef4,80
6706701a98ac07710c36af28,81
6706701a98ac07710c36af0f,82
6706701a98ac07710c36af26,83
6706701a98ac07710c36af76,84
6706701a98ac07710c36af4d,85
6706701a98ac07710c36af8b,86
6706701a98ac07710c36af81,87
6706701a98ac07710c36af0c,88
6706701a98ac07710c36af9e,89
6706701a98ac07710c36af58,90
6706701a98ac07710c36afc1,91
6706701a98ac07710c36af5e,92
6706701a98ac07710c36afcc,93
6706701a98ac07710c36afca,94
6706701a98ac07710c36aea9,95
6706701a98ac07710c36aeec,96
6706701a98ac07710c36af18,97
6706701a98ac07710c36af64,98
6706701a98ac07710c36afcb,99
6706701a98ac07710c36af29,100
6706701a98ac07710c36af61,101
6706701a98ac07710c36af3c,102
6706701a98ac07710c36aec1,103
6706701a98ac07710c36aeb8,104
6706701a98ac07710c36aeab,105
6706701a98ac07710c36aee8,106
6706701a98ac07710c36af90,107
6706701a98ac07710c36af78,108
6706701a98ac07710c36aefd,109
6706701a98ac07710c36af89,110
6706701a98ac07710c36af7d,111
6706701a98ac07710c36af2c,112
6706701a98ac07710c36aeb1,113
6706701a98ac07710c36af6a,114
6706701a98ac07710c36af10,115
6706701a98ac07710c36afba,116
6706701a98ac07710c36afbb,117
6706701a98ac07710c36af04,118
6706701a98ac07710c36aee1,119
6706701a98ac07710c36afb6,120
6706701a98ac07710c36af55,121
6706701a98ac07710c36af98,122
6706701a98ac07710c36af4c,123
6706701a98ac07710c36af22,124
6706701a98ac07710c36aecd,125
6706701a98ac07710c36aea7,126
6706701a98ac07710c36aea6,127
6706701a98ac07710c36aebc,128
6706701a98ac07710c36af8a,129
6706701a98ac07710c36aebe,130
6706701a98ac07710c36af41,131
6706701a98ac07710c36af35,132
6706701a98ac07710c36aec6,133
6706701a98ac07710c36af4a,134
6706701a98ac07710c36af20,135
6706701a98ac07710c36af79,136
6706701a98ac07710c36af3d,137
6706701a98ac07710c36aec8,138
6706701a98ac07710c36af02,139
6706701a98ac07710c36aead,140
6706701a98ac07710c36af2d,141
6706701a98ac07710c36af2a,142
6706701a98ac07710c36af70,143
6706701a98ac07710c36afb2,144
6706701a98ac07710c36af06,145
6706701a98ac07710c36af67,146
6706701a98ac07710c36aef0,147
6706701a98ac07710c36af92,148
6706701a98ac07710c36af25,149
6706701a98ac07710c36afa0,150
6706701a98ac07710c36aec9,151
6706701a98ac07710c36aea8,152
6706701a98ac07710c36af57,153
6706701a98ac07710c36aec5,154
6706701a98ac07710c36af32,155
6706701a98ac07710c36aec0,156
6706701a98ac07710c36aeb0,157
6706701a98ac07710c36aebd,158
6706701a98ac07710c36aec7,159
6706701a98ac07710c36aefe,160
6706701a98ac07710c36aec4,161
6706701a98ac07710c36af77,162
6706701a98ac07710c36af63,163
6706701a98ac07710c36af1e,164
6706701a98ac07710c36af53,165
6706701a98ac07710c36af37,166
6706701a98ac07710c36afc8,167
6706701a98ac07710c36af7b,168
6706701a98ac07710c36aed0,169
6706701a98ac07710c36aef6,170
6706701a98ac07710c36aecf,171
6706701a98ac07710c36aefa,172
6706701a98ac07710c36af6e,173
6706701a98ac07710c36aee2,174
6706701a98ac07710c36af8d,175
6706701a98ac07710c36af69,176
6706701a98ac07710c36aeea,177
6706701a98ac07710c36af82,178
6706701a98ac07710c36af52,179
6706701a98ac07710c36aef3,180
6706701a98ac07710c36af42,181
6706701a98ac07710c36aeb5,182
6706701a98ac07710c36af8c,183
6706701a98ac07710c36af84,184
6706701a98ac07710c36af39,185
6706701a98ac07710c36af5c,186
6706701a98ac07710c36aeae,187
6706701a98ac07710c36aeef,188
6706701a98ac07710c36afbf,189
6706701a98ac07710c36af19,190
6706701a98ac07710c36af2e,191
6706701a98ac07710c36afaf,192
6706701a98ac07710c36afc7,193
6706701a98ac07710c36af91,194
6706701a98ac07710c36af3b,195
6706701a98ac07710c36afa8,196
670670c52ce0cd253f1fa4d1,197
